,A_Accepted=1,A_Activated=1,A_Finalized=1,A_Preaccepted=1,A_Registered=1,O_Cancelled=0,O_Cancelled=1,O_Created=1,O_Declined=0,O_Selected=1,O_Sent=1,O_Sent_back=1,W_Assess_fraude=0,W_Assess_fraude=1,W_Calling_to_add_info_app=0,W_Calling_to_add_info_app=1,W_Change_contact_details=0,W_Change_contact_details=1,W_Fixing_incoming_lead=0,W_Fixing_incoming_lead=1,label
0,,,,,,2.7220928830339705e-05,,0.0,0.0,0.0,0.0,0.0,-0.0003117695571354377,,,-0.015046766657391648,0.0031928500010021408,,-0.0026419717615627034,,1
1,0.0,0.0,0.0,0.0,0.0,-0.002792049626813815,,,,,,,,-0.0026370865273740145,0.014867000505627401,,0.00021051467279667473,,,0.002586949697793467,1
2,0.0,0.0,0.0,0.0,0.0,,0.0012475208750476001,,,,,,0.004756029763374576,,0.015518161240010936,,,0.0047178869500281734,-0.0025079924938315613,,1
3,0.0,0.0,0.0,0.0,0.0,0.0019303969415887853,,,,,,,0.0008720330735946645,,,-0.014851127325744442,,0.004184878247341649,,-0.0013748886051662453,1
4,0.0,0.0,0.0,0.0,0.0,-0.00405557563074699,,,,,,,0.0008499862698306856,,,-0.010776827473580832,0.003165165362731823,,,-0.0010839612316272528,1
