,A_Accepted=0,A_Accepted=1,A_Finalized=0,A_Finalized=1,O_Cancelled=0,O_Cancelled=1,O_Created=0,O_Created=1,O_Selected=0,O_Selected=1,O_Sent=0,O_Sent=1,O_Sent_back=0,O_Sent_back=1,W_Assess_fraude=0,W_Assess_fraude=1,W_Assessing_application=0,W_Assessing_application=1,W_Calling_after_sent_offers=0,W_Calling_after_sent_offers=1,W_Fixing_incoming_lead=0,W_Fixing_incoming_lead=1,label
0,,0.06937909718417416,0.013371635022099716,,-0.17227477900332602,,-0.03799976040701863,,-0.03686805485729572,,-0.02517324542118583,,0.020400885356928397,,0.08826136732029835,,,,-0.017173929111335636,,-0.009170130507424854,,2
1,,0.06676127620202996,,-0.009488776433347987,,0.17587110115016924,,0.03834060609162417,,0.036244829354538495,,0.027522003543602614,,-0.02215201705332979,0.08460811574524259,,,,,0.014556106937435418,,0.007320796144273002,2
2,-0.06945652173566129,,0.013206268184571662,,-0.17165644519966802,,-0.0404099264848183,,-0.03482448752328098,,-0.024178967995338863,,0.02017459258283474,,,-0.08143863720710177,-0.008425532370120333,,-0.016659617089622453,,,,2
3,,0.074145342097264,0.017246265169256873,,-0.1722623097404595,,-0.034280690981702555,,-0.03390281772111347,,-0.02525987294200968,,0.024004563907170918,,0.06757278810670658,,-0.007907315748698771,,-0.01406691708144475,,,,2
4,,0.07006002405038529,,-0.015733228882210504,,0.1758651748814151,,0.038257065481384446,,0.033618874066937886,,0.02571602836761783,,-0.017873477227420668,0.07158528007809092,,,0.007860181311378089,,0.017899099105249595,,,2
